donor_sex,icgc_donor_id,Clinical_ID,1000 Genomes_ID
male,DO23018,UBU001,HG00096
female,DO23010,UBU003,HG00097
female,DO23023,UBU005,HG00099
female,DO23073,UBU009,HG00100
male,DO49659,UBU024,HG00101
female,DO49699,UBU010,HG00102
male,DO49657,UBU025,HG00103
female,DO49698,UBU012,HG00104
female,DO23038,UBU022,HG00106
male,DO48552,UBU032,HG00108
male,DO48532,UBU033,HG00109
female,DO49658,UBU026,HG00110
female,DO23043,UBU028,HG00111
male,DO48518,UBU035,HG00112
male,DO48505,UBU036,HG00113
male,DO48589,UBU040,HG00114
male,DO49716,UBU046,HG00116
male,DO49717,UBU047,HG00117
male,DO49714,UBU048,HG00118
male,DO49715,UBU049,HG00119
male,DO49695,UBU013,HG00121
female,DO48528,UBU034,HG00122
male,DO49693,UBU015,HG00123
male,DO49694,UBU016,HG00124
male,DO23058,UBU017,HG00125
male,DO49712,UBU050,HG00126
female,DO48562,UBU042,HG00127
male,DO49682,UBU019,HG00128
male,DO49710,UBU051,HG00129
male,DO23068,UBU020,HG00130
male,DO49707,UBU052,HG00131
male,DO23033,UBU023,HG00134
male,DO49705,UBU053,HG00138
male,DO49703,UBU054,HG00139
male,DO49701,UBU055,HG00140
male,DO49709,UBU056,HG00141
male,DO48496,UBU057,HG00142
male,DO48483,UBU058,HG00143
female,DO48486,UBU059,HG00150
male,DO23014,UBU002,HG00151
male,DO23048,UBU027,HG00155
male,DO48559,UBU030,HG00159
male,DO49722,UBU043,HG00160
male,DO23063,UBU021,HG00234
